{
    "ds": [
        1,
        2,
        3,
        4,
        5,
        6,
        7,
        8,
        9,
        10,
        11,
        12,
        13,
        14,
        15,
        16,
        17,
        18,
        19,
        20,
        21,
        22,
        23,
        24,
        25,
        26,
        27,
        28,
        29,
        30,
        31,
        32,
        33,
        34,
        35,
        36,
        37,
        38,
        39,
        40,
        41,
        42,
        43,
        44,
        45,
        46,
        47,
        48,
        49,
        50,
        51,
        52,
        53,
        54,
        55,
        56,
        57,
        58,
        59,
        60,
        61,
        62,
        63
    ],
    "max_errors": [
        2.6360383377998433,
        0.9659710597664861,
        0.9738651849677784,
        0.334180271862512,
        0.3610531520418041,
        0.08154565191924856,
        0.08894903679499011,
        0.04884828057161528,
        0.051406142405092004,
        0.027022238291217693,
        0.02867588244563052,
        0.026479384628541158,
        0.02764585836613853,
        0.02239462008708784,
        0.023276352255329813,
        0.01990697416107154,
        0.020572477366927605,
        0.01795096726922074,
        0.01849955283387128,
        0.016178643181859215,
        0.01661364093422299,
        0.014882355786194679,
        0.015256370989326612,
        0.013639715219180004,
        0.01394681822353816,
        0.01269946745639014,
        0.012970684522951942,
        0.011787292082138134,
        0.012015778395939147,
        0.011072961228822814,
        0.011278590979596076,
        0.010375963467836757,
        0.010552639580949152,
        0.009814945239155826,
        0.009976189456717327,
        0.009265349478554091,
        0.009406066647820899,
        0.008813161848440332,
        0.008942980135465406,
        0.00836884042817912,
        0.008483576198453024,
        0.007996667261172735,
        0.008103424836387346,
        0.00763010547560139,
        0.007725455358869093,
        0.007318464094689947,
        0.007407800870488507,
        0.007010944651389628,
        0.007091444066302993,
        0.0067461948216354095,
        0.006822051124090872,
        0.006484548844561844,
        0.0065534196855799864,
        0.0062568579516953104,
        0.006322069606896796,
        0.006031554459354216,
        0.006091148794842877,
        0.005833656865620068,
        0.005890316709060872,
        0.005637629677090389,
        0.005689704893843656,
        0.005464041053451274,
        0.0055137272209832
    ],
    "series_type": "fourier",
    "func_name": "cauchy2d",
    "func_args": {}
}