{
    "n_1qbs": 281,
    "n_2qbs": 234,
    "n_qubits": 14,
    "success_probabilities": 0.07408594625163427,
    "max_errors_f": 0.07028976109849289,
    "max_errors_approx": 2.424043497341062e-15,
    "eval_real": [
        [
            0.006595305300931262,
            0.0070881085346941345,
            0.008464059531899729,
            0.010440457681391747,
            0.012621445853695106,
            0.014588904791110833,
            0.015992788424278065,
            0.016618286324586187,
            0.01641553992139873,
            0.015489469186397755,
            0.014058495861550642,
            0.012397982040154047,
            0.010785191101943767,
            0.009457982662829828,
            0.008591723184830702,
            0.008291410617795853
        ],
        [
            0.007088108534694137,
            0.007710968750266838,
            0.009456194539588377,
            0.011981443296293793,
            0.014801297327000413,
            0.017391802022320907,
            0.01929759728093124,
            0.020216687016383628,
            0.02004574517101297,
            0.018880606956855197,
            0.016978328263349256,
            0.014695363585633716,
            0.012419019951062418,
            0.010506521624076464,
            0.009239777697730392,
            0.008797242492383523
        ],
        [
            0.008464059531899782,
            0.009456194539588415,
            0.012258787746489168,
            0.01638190056202948,
            0.021107935539527382,
            0.025620270093488284,
            0.029147953340438775,
            0.031099949573471206,
            0.031165161925487954,
            0.02936154962542781,
            0.026027394640197734,
            0.021758135431076818,
            0.017301238454503806,
            0.01342789348416047,
            0.01080316327008275,
            0.00987554274687058
        ],
        [
            0.010440457681391721,
            0.011981443296293724,
            0.016381900562029417,
            0.022996986952518603,
            0.03082956686256848,
            0.03865124953157172,
            0.04517290715839429,
            0.04925091463763184,
            0.050099485875699776,
            0.04746644655256504,
            0.04172641153471989,
            0.03385591376900309,
            0.025279146010427692,
            0.017605042784535407,
            0.012307199184018243,
            0.010417697008868264
        ],
        [
            0.012621445853695075,
            0.014801297327000423,
            0.02110793553952747,
            0.030829566862568512,
            0.04275893298711238,
            0.055229178284111176,
            0.06626165152269772,
            0.07385324724552764,
            0.07637395914523089,
            0.07298570534911723,
            0.06395699528044374,
            0.0507534843258194,
            0.035835746949036365,
            0.02217903561470501,
            0.012618419844849184,
            0.009185698373792062
        ],
        [
            0.014588904791110852,
            0.017391802022320896,
            0.025620270093488294,
            0.03865124953157175,
            0.05522917828411111,
            0.07331508591865171,
            0.09014053635221923,
            0.10257038894936193,
            0.10775501048045961,
            0.10391606126718177,
            0.09101693171035533,
            0.07106213109419815,
            0.04786080738126728,
            0.026252184273551627,
            0.01097020168966994,
            0.005456970660577007
        ],
        [
            0.01599278842427804,
            0.0192975972809312,
            0.029147953340438935,
            0.045172907158394345,
            0.06626165152269782,
            0.09014053635221926,
            0.11326731322270892,
            0.13125034167676392,
            0.13979275364308685,
            0.13592621066667507,
            0.11913183407368451,
            0.09192071351284052,
            0.05958452663001607,
            0.029087279306973263,
            0.00736227554982063,
            -0.0005017675204105949
        ],
        [
            0.016618286324586083,
            0.02021668701638361,
            0.031099949573471265,
            0.04925091463763196,
            0.07385324724552776,
            0.10257038894936207,
            0.13125034167676405,
            0.15437296123759478,
            0.16626403675393714,
            0.16276509525403676,
            0.14280503561666769,
            0.1092740136701984,
            0.06878330434420982,
            0.030251527492995613,
            0.002663309176930961,
            -0.0073464414168027655
        ],
        [
            0.016415539921398666,
            0.020045745171012895,
            0.03116516192548791,
            0.05009948587569969,
            0.07637395914523103,
            0.10775501048045977,
            0.1397927536430871,
            0.16626403675393717,
            0.1805620680970876,
            0.17767026568178845,
            0.15605898203484753,
            0.11878146939856933,
            0.07325953098880139,
            0.029673847381196612,
            -0.0016400620174774293,
            -0.013019393929800515
        ],
        [
            0.015489469186397617,
            0.018880606956855023,
            0.02936154962542769,
            0.04746644655256515,
            0.07298570534911732,
            0.10391606126718189,
            0.13592621066667518,
            0.1627650952540369,
            0.1776702656817886,
            0.17540535522853398,
            0.15424022510899588,
            0.11711830594070158,
            0.07147515068151011,
            0.027612122463993655,
            -0.003965553882560045,
            -0.015451411679428685
        ],
        [
            0.014058495861550715,
            0.01697832826334903,
            0.02602739464019771,
            0.04172641153471994,
            0.06395699528044387,
            0.09101693171035542,
            0.11913183407368462,
            0.14280503561666785,
            0.15605898203484764,
            0.1542402251089959,
            0.1357790017410902,
            0.10323208044711454,
            0.06313164168806215,
            0.024553071347557628,
            -0.003236926311534095,
            -0.01334782590238671
        ],
        [
            0.012397982040153892,
            0.01469536358563371,
            0.021758135431076776,
            0.03385591376900303,
            0.050753484325819456,
            0.07106213109419818,
            0.09192071351284059,
            0.10927401367019848,
            0.11878146939856954,
            0.11711830594070165,
            0.1032320804471146,
            0.07907526794095397,
            0.04947520972550513,
            0.02108305222586172,
            0.0006646589142660194,
            -0.006758610902563388
        ],
        [
            0.010785191101943759,
            0.012419019951062314,
            0.01730123845450369,
            0.025279146010427727,
            0.03583574694903634,
            0.0478608073812673,
            0.05958452663001611,
            0.06878330434420993,
            0.07325953098880153,
            0.0714751506815102,
            0.06313164168806229,
            0.04947520972550516,
            0.03317661746082807,
            0.017769137881587398,
            0.0067793212032284484,
            0.0027988858997564656
        ],
        [
            0.009457982662829708,
            0.010506521624076318,
            0.013427893484160416,
            0.017605042784535382,
            0.02217903561470501,
            0.026252184273551676,
            0.0290872793069733,
            0.030251527492995825,
            0.02967384738119686,
            0.027612122463993777,
            0.02455307134755784,
            0.021083052225861865,
            0.01776913788158751,
            0.015077531423465811,
            0.0133369692123314,
            0.012736486542892991
        ],
