{
    "n_1qbs": 881,
    "n_2qbs": 826,
    "n_qubits": 16,
    "success_probabilities": 0.07018027615496704,
    "max_errors_f": 0.023026443418155906,
    "max_errors_approx": 7.060389359028017e-15,
    "eval_real": [
        [
            0.006564354763980933,
            0.00714700985445941,
            0.008719151609416753,
            0.010830464081714248,
            0.012944576179012878,
            0.014636301688874814,
            0.015698454585761273,
            0.016120950265136033,
            0.01598447802169873,
            0.015357223467892093,
            0.0142681221422194,
            0.012766891192178487,
            0.01101393634963882,
            0.009317983634132115,
            0.00807280868243277,
            0.007613761535567553
        ],
        [
            0.007147009854459738,
            0.007897257519106053,
            0.009874204048045803,
            0.012397780346694327,
            0.014719681021635412,
            0.016355614492355435,
            0.017222306193868362,
            0.0175220629976995,
            0.017481317896874567,
            0.017137302248261106,
            0.016322877659169437,
            0.01485536261045277,
            0.012788761297897341,
            0.010538847218377126,
            0.008771064212265027,
            0.008098979648079143
        ],
        [
            0.00871915160941733,
            0.009874204048046033,
            0.012925274951530879,
            0.016843553580171193,
            0.02049535602443152,
            0.02314127084865902,
            0.02463855568787735,
            0.025263056063717402,
            0.025315652341851347,
            0.024809521227592047,
            0.023463648798082447,
            0.021005136415322482,
            0.017558971725846993,
            0.013830539061120492,
            0.010914274320968757,
            0.009808056821338108
        ],
        [
            0.010830464081715025,
            0.012397780346694764,
            0.016843553580171373,
            0.023427532676875064,
            0.031018626050909406,
            0.03826702357679419,
            0.04384962603965613,
            0.046745281944419875,
            0.04646390885437119,
            0.04315199791584958,
            0.037534954024697115,
            0.030718370256286955,
            0.023923537167605403,
            0.018248334372041815,
            0.014515747986088116,
            0.013217729310787416
        ],
        [
            0.01294457617901368,
            0.014719681021635875,
            0.020495356024431772,
            0.031018626050909392,
            0.04598347024002868,
            0.06300220276233177,
            0.07782320928549873,
            0.08591208408810012,
            0.0845725495970746,
            0.074345642821919,
            0.0588017735433857,
            0.04280513708062887,
            0.03026448023697042,
            0.02268085027125494,
            0.019266805819030713,
            0.01839141747829402
        ],
        [
            0.014636301688875374,
            0.016355614492355727,
            0.0231412708486591,
            0.03826702357679419,
            0.06300220276233164,
            0.09364667279282254,
            0.12164773393061343,
            0.1371789600674992,
            0.1341931802442776,
            0.11383573168781881,
            0.08400676704089292,
            0.055239808850120614,
            0.03537829229264585,
            0.02626729793259575,
            0.024344933239232557,
            0.024482843606167107
        ],
        [
            0.015698454585761287,
            0.017222306193868213,
            0.024638555687877137,
            0.043849626039655906,
            0.07782320928549837,
            0.12164773393061311,
            0.16252512917634301,
            0.18535148611777646,
            0.18072376430900747,
            0.15038669727258291,
            0.10656736438779583,
            0.06545155633998692,
            0.038765655026027315,
            0.028606940408257547,
            0.028527129320323488,
            0.029807376366024176
        ],
        [
            0.01612095026513539,
            0.01752206299769901,
            0.02526305606371682,
            0.04674528194441933,
            0.08591208408809956,
            0.13717896006749872,
            0.18535148611777624,
            0.21233641543686235,
            0.20682072302103738,
            0.1708732969142177,
            0.11915635053580431,
            0.0710476973453325,
            0.04047407313582181,
            0.02968693292493949,
            0.030619855063673596,
            0.03253491105505736
        ],
        [
            0.015984478021697782,
            0.01748131789687362,
            0.025315652341850462,
            0.04646390885437037,
            0.08457254959707386,
            0.13419318024427696,
            0.18072376430900708,
            0.2068207230210373,
            0.20163627891793176,
            0.16712068202136682,
            0.11727859313226277,
            0.07066360318809946,
            0.04068110423839773,
            0.029635390766220262,
            0.02999114112738849,
            0.03162503336503237
        ],
        [
            0.015357223467891033,
            0.017137302248259968,
            0.024809521227591027,
            0.04315199791584857,
            0.07434564282191801,
            0.11383573168781809,
            0.1503866972725823,
            0.17087329691421732,
            0.1671206820213667,
            0.14056027046072547,
            0.10168307896032856,
            0.06449932023875353,
            0.03936046102105912,
            0.0285058889661253,
            0.02689261502396984,
            0.027427003302025764
        ],
        [
            0.014268122142218391,
            0.01632287765916843,
            0.023463648798081403,
            0.03753495402469596,
            0.0588017735433845,
            0.08400676704089197,
            0.10656736438779517,
            0.11915635053580403,
            0.11727859313226278,
            0.10168307896032863,
            0.07807543893655763,
            0.054240827986677224,
            0.03628974485876426,
            0.026255517412795786,
            0.022362886225051032,
            0.021546274665287846
        ],
        [
            0.012766891192177568,
            0.014855362610451775,
            0.02100513641532134,
            0.030718370256285783,
            0.042805137080627775,
            0.0552398088501196,
            0.06545155633998619,
            0.07104769734533226,
            0.07066360318809962,
            0.0644993202387538,
            0.0542408279866774,
            0.04239611227659841,
            0.031396957753154583,
            0.02292493829595747,
            0.017749214707733357,
            0.016028538388380004
        ],
        [
            0.011013936349638282,
            0.012788761297896556,
            0.017558971725846015,
            0.02392353716760421,
            0.030264480236969177,
            0.03537829229264487,
            0.03876565502602675,
            0.040474073135821784,
            0.04068110423839802,
            0.039360461021059695,
            0.036289744858764725,
            0.031396957753154923,
            0.025182412486977373,
            0.01887198689612836,
            0.014115770315668645,
            0.01234207499831857
        ],
        [
            0.00931798363413188,
            0.01053884721837653,
            0.013830539061119683,
            0.018248334372040806,
            0.02268085027125398,
            0.026267297932595017,
            0.028606940408257217,
            0.029686932924939697,
            0.02963539076622081,
            0.028505888966126127,
            0.02625551741279658,
            0.022924938295957986,
            0.018871986896128696,
            0.014857821871034441,
            0.011873540731512422,
            0.01076739156656941
        ],
        [
