{
    "n_1qbs": 113,
    "n_2qbs": 74,
    "n_qubits": 12,
    "success_probabilities": 0.17905574624093737,
    "max_errors_f": 0.18302717813213976,
    "max_errors_approx": 1.1280433657803862e-15,
    "eval_real": [
        [
            0.007643573320582797,
            0.007774255214578143,
            0.008160589470715506,
            0.008785691428164117,
            0.009622241131811529,
            0.010633677345397432,
            0.011775795452978768,
            0.012998679412763467,
            0.014248883327660678,
            0.01547176728744541,
            0.01661388539502677,
            0.017625321608612677,
            0.0184618713122601,
            0.019086973269708665,
            0.01947330752584603,
            0.01960398941984137
        ],
        [
            0.007774255214578129,
            0.007918801808211971,
            0.008346124209360093,
            0.009037546378572021,
            0.009962849849241416,
            0.01108159441960137,
            0.01234488558359525,
            0.013697511455412759,
            0.01508035579383657,
            0.016432981665654118,
            0.01769627282964795,
            0.018815017400007947,
            0.01974032087067732,
            0.02043174303988925,
            0.020859065441037303,
            0.02100361203467111
        ],
        [
            0.008160589470715471,
            0.008346124209360109,
            0.00889461966692073,
            0.009782103959928729,
            0.01096978976615751,
            0.012405769516726084,
            0.014027284005939354,
            0.0157634652697288,
            0.01753843385574483,
            0.01927461511953425,
            0.020896129608747427,
            0.022332109359316094,
            0.023519795165544893,
            0.024407279458552852,
            0.024955774916113428,
            0.025141309654757995
        ],
        [
            0.008785691428164093,
            0.009037546378572018,
            0.00978210395992872,
            0.010986823433145323,
            0.012599052776356744,
            0.014548329830930056,
            0.01674946183591135,
            0.019106248760479495,
            0.02151568770691276,
            0.02387247463148098,
            0.02607360663646221,
            0.02802288369103552,
            0.02963511303424696,
            0.03083983250746358,
            0.031584390088820254,
            0.03183624503922815
        ],
        [
            0.00962224113181143,
            0.009962849849241341,
            0.01096978976615753,
            0.012599052776356768,
            0.014779432268222143,
            0.017415635195337474,
            0.020392446839882825,
            0.023579766248664268,
            0.026838292269062893,
            0.03002561167784436,
            0.033002423322389715,
            0.03563862624950506,
            0.03781900574137038,
            0.03944826875156961,
            0.040455208668485725,
            0.04079581738591563
        ],
        [
            0.010633677345397363,
            0.011081594419601376,
            0.012405769516726124,
            0.014548329830930035,
            0.0174156351953375,
            0.020882370606666135,
            0.02479702309219884,
            0.028988503553731004,
            0.033273624182139055,
            0.03746510464367116,
            0.04137975712920387,
            0.044846492540532544,
            0.047713797904939924,
            0.04985635821914384,
            0.051180533316268505,
            0.051628450390472584
        ],
        [
            0.011775795452978736,
            0.012344885583595222,
            0.014027284005939286,
            0.016749461835911313,
            0.020392446839882793,
            0.024797023092198844,
            0.02977068947513149,
            0.03509607290144711,
            0.04054042856139122,
            0.04586581198770684,
            0.05083947837063944,
            0.05524405462295551,
            0.05888703962692696,
            0.0616092174568989,
            0.063291615879243,
            0.0638607060098594
        ],
        [
            0.012998679412763397,
            0.013697511455412759,
            0.015763465269728768,
            0.019106248760479515,
            0.023579766248664265,
            0.02898850355373104,
            0.03509607290144713,
            0.04163554420394792,
            0.04832111118544958,
            0.054860582487950484,
            0.060968151835666534,
            0.06637688914073324,
            0.070850406628918,
            0.07419319011966877,
            0.07625914393398471,
            0.07695797597663397
        ],
        [
            0.014248883327660677,
            0.01508035579383653,
            0.01753843385574482,
            0.021515687706912732,
            0.026838292269062886,
            0.03327362418213902,
            0.04054042856139113,
            0.04832111118544961,
            0.056275618887785636,
            0.06405630151184404,
            0.07132310589109625,
            0.07775843780417231,
            0.08308104236632248,
            0.08705829621749034,
            0.0895163742793986,
            0.09034784674557443
        ],
        [
            0.015471767287445337,
            0.016432981665654035,
            0.019274615119534176,
            0.023872474631480935,
            0.03002561167784431,
            0.03746510464367117,
            0.04586581198770683,
            0.05486058248795045,
            0.06405630151184406,
            0.0730510720120877,
            0.08145177935612331,
            0.0888912723219501,
            0.09504440936831345,
            0.0996422688802602,
            0.10248390233414034,
            0.10344511671234902
        ],
        [
            0.016613885395026666,
            0.017696272829647836,
            0.02089612960874744,
            0.02607360663646217,
            0.03300242332238964,
            0.04137975712920382,
            0.050839478370639374,
            0.060968151835666506,
            0.07132310589109618,
            0.08145177935612329,
            0.09091150059755886,
            0.09928883440437308,
            0.10621765109030049,
            0.11139512811801522,
            0.11459498489711474,
            0.11567737233173588
        ],
        [
            0.017625321608612656,
            0.018815017400007877,
            0.022332109359316017,
            0.028022883691035495,
            0.03563862624950494,
            0.04484649254053253,
            0.05524405462295548,
            0.06637688914073316,
            0.07775843780417238,
            0.08889127232195011,
            0.09928883440437304,
            0.10849670069540056,
            0.11611244325386995,
            0.12180321758558946,
            0.1253203095448975,
            0.12651000533629278
        ],
        [
            0.018461871312260025,
            0.019740320870677265,
            0.023519795165544772,
            0.02963511303424689,
            0.03781900574137038,
            0.04771379790493988,
            0.05888703962692692,
            0.07085040662891792,
            0.08308104236632241,
            0.09504440936831345,
            0.10621765109030049,
            0.11611244325386999,
            0.12429633596099345,
            0.1304116538296955,
            0.13419112812456296,
            0.13546957768298024
        ],
        [
            0.019086973269708558,
            0.020431743039889188,
            0.024407279458552783,
            0.030839832507463482,
            0.03944826875156963,
            0.049856358219143825,
            0.06160921745689884,
            0.07419319011966866,
            0.08705829621749032,
            0.09964226888026019,
            0.11139512811801529,
            0.12180321758558942,
            0.13041165382969555,
            0.13684420687860618,
            0.14081974329726987,
            0.14216451306745032
        ],
        [
