{
    "n_1qbs": 3209,
    "n_2qbs": 3146,
    "n_qubits": 18,
    "success_probabilities": 0.06654649696387624,
    "max_errors_f": 0.0017256401444758172,
    "max_errors_approx": 1.0396121247433847e-13,
    "eval_real": [
        [
            0.006570418916183165,
            0.007881481058715528,
            0.009342045868091679,
            0.01102166106453382,
            0.01268198508179427,
            0.014299934567803806,
            0.015508344595283902,
            0.016239076962977637,
            0.016200206731729255,
            0.015547517100045522,
            0.014260043179731868,
            0.01272334267612827,
            0.010977154421051159,
            0.009394627943653719,
            0.007798911365887503,
            0.006956726240187427
        ],
        [
            0.007881481058726074,
            0.009693263825419816,
            0.011804520931023719,
            0.014339828502679257,
            0.016984208624081103,
            0.019662076188668408,
            0.02176420798074697,
            0.02304424847073023,
            0.022991713303481882,
            0.021817151027984413,
            0.019608163110007796,
            0.01704010029094184,
            0.01427968653934271,
            0.011875566189949453,
            0.009581701994079981,
            0.008404022168715103
        ],
        [
            0.009342045868107059,
            0.011804520931020029,
            0.014821187870248186,
            0.018632386818575333,
            0.022869422392432278,
            0.02738431166631647,
            0.031152092570165872,
            0.03348795458588807,
            0.03341828679047004,
            0.031222299855272022,
            0.027312820965155728,
            0.022943531511854656,
            0.018552651433425976,
            0.014915362950054,
            0.011656640134550863,
            0.01003572410313915
        ],
        [
            0.011021661064545444,
            0.014339828502656152,
            0.01863238681854612,
            0.024380882422700808,
            0.03126692977181356,
            0.03910585753672504,
            0.04616129699957587,
            0.05068300917284239,
            0.05059161406104503,
            0.04625339846609493,
            0.039012076272663725,
            0.03136413803068331,
            0.02427630877914092,
            0.01875587362455959,
            0.0141459212214267,
            0.011932914751715078
        ],
        [
            0.012681985081795234,
            0.0169842086240294,
            0.022869422392358903,
            0.03126692977176255,
            0.04220624218203672,
            0.05573096885559795,
            0.06909072707116519,
            0.07812444967188986,
            0.07800922583462688,
            0.0692068428552258,
            0.055612734185167274,
            0.042328794905821095,
            0.031135101222142348,
            0.023025075471541662,
            0.016739750110269246,
            0.013833464143077174
        ],
        [
            0.014299934567794152,
            0.019662076188594953,
            0.027384311666209922,
            0.03910585753663253,
            0.05573096885555021,
            0.07828162201780271,
            0.10306086922362964,
            0.12110045559788397,
            0.12096151552046068,
            0.10320094892290987,
            0.07813888888032335,
            0.05587901798147494,
            0.03894649552887087,
            0.027572630017809022,
            0.019365826829888518,
            0.015701217735443033
        ],
        [
            0.015508344595272327,
            0.021764207980673172,
            0.031152092570058125,
            0.04616129699947532,
            0.0690907270710985,
            0.10306086922360175,
            0.14455558058611828,
            0.17739941388134656,
            0.17724834934583744,
            0.14470851404259646,
            0.1029041486940851,
            0.06925416955970039,
            0.045984470786471915,
            0.03136229306735872,
            0.021430436981705648,
            0.017108446600784998
        ],
        [
            0.016239076962972235,
            0.023044248470670756,
            0.033487954585800984,
            0.05068300917276121,
            0.07812444967183328,
            0.12110045559785472,
            0.17739941388133668,
            0.2247187861555234,
            0.22457410731157912,
            0.17754770210720308,
            0.1209460864474705,
            0.07828766872726808,
            0.05050429784055971,
            0.03370323828012096,
            0.022695633754550738,
            0.01795210328972003
        ],
        [
            0.016200206731733918,
            0.02299171330343629,
            0.033418286790404296,
            0.0505916140609889,
            0.078009225834594,
            0.12096151552044793,
            0.1772483493458335,
            0.2245741073115771,
            0.2244301551327019,
            0.17739595775181916,
            0.12080777963515689,
            0.07817183386627673,
            0.05041352275993045,
            0.03363288393943049,
            0.022644071747030908,
            0.017909284441467218
        ],
        [
            0.015547517100056198,
            0.021817151027942298,
            0.031222299855212174,
            0.046253398466050304,
            0.06920684285520994,
            0.10320094892291437,
            0.14470851404260265,
            0.17754770210720036,
            0.17739595775180983,
            0.14486208890330465,
            0.10304362507606656,
            0.0693708718619026,
            0.04607597348971308,
            0.03143316787545391,
            0.02148242280790298,
            0.01715157507517884
        ],
        [
            0.014260043179740795,
            0.019608163109961132,
            0.02731282096508914,
            0.03901207627261294,
            0.05561273418514875,
            0.07813888888032819,
            0.10290414869409002,
            0.12094608644745872,
            0.12080777963512805,
            0.10304362507603851,
            0.07799672983767879,
            0.05576022002579725,
            0.038853293654966106,
            0.027500487898507852,
            0.019312861173312396,
            0.015657325088260794
        ],
        [
            0.012723342676127325,
            0.0170401002908894,
            0.02294353151177708,
            0.03136413803061407,
            0.04232879490577959,
            0.05587901798145695,
            0.06925416955968533,
            0.07828766872723628,
            0.07817183386622062,
            0.06937087186183569,
            0.05576022002574986,
            0.04245190452252202,
            0.031231733046820753,
            0.023099837288112646,
            0.0167946814299717,
            0.013878947940248076
        ],
        [
            0.010977154421039508,
            0.014279686539288685,
            0.018552651433342917,
            0.02427630877905488,
            0.031135101222073035,
            0.03894649552882046,
            0.04598447078642778,
            0.05050429784050436,
            0.05041352275984933,
            0.0460759734896123,
            0.03885329365487396,
            0.03123173304676973,
            0.02417233495327299,
            0.018675455032414703,
            0.014086794143765274,
            0.011883986954286992
        ],
        [
            0.009394627943638635,
            0.011875566189903469,
            0.014915362949981288,
            0.018755873624476952,
            0.023025075471464217,
            0.02757263001774311,
            0.031362293067299776,
            0.03370323828005634,
            0.03363288393934432,
            0.03143316787534658,
            0.027500487898402294,
            0.02309983728803934,
            0.01867545503238578,
            0.01501032137348045,
            0.011726509478355442,
            0.010093505243688733
        ],
        [
