{
    "n_1qbs": 12449,
    "n_2qbs": 12378,
    "n_qubits": 20,
    "success_probabilities": 0.06635421785778542,
    "max_errors_f": 0.0008332418711183079,
    "max_errors_approx": 4.060344040669812e-13,
    "eval_real": [
        [
            0.006573740376864635,
            0.007858645914684501,
            0.00935140932514842,
            0.010997583710487351,
            0.012696203377916174,
            0.014279453398922807,
            0.015527717537625536,
            0.01622249394020381,
            0.01622437710985708,
            0.015533295855915057,
            0.014288522482500668,
            0.01270846038348291,
            0.011012727763555347,
            0.009369533185231425,
            0.00788314433225926,
            0.006759390060679509
        ],
        [
            0.00785864591475128,
            0.009625778916083592,
            0.011768539951814656,
            0.014243875705376018,
            0.01692325823380444,
            0.019537270899394957,
            0.021679062355843597,
            0.022902295085231845,
            0.022904830708366398,
            0.021686573362688647,
            0.019549482071299733,
            0.01693976174909724,
            0.014264266320233018,
            0.01179294220051575,
            0.009658762341795597,
            0.008108660849705114
        ],
        [
            0.009351409325273433,
            0.011768539951882491,
            0.014845243125286844,
            0.018599378359201616,
            0.022908549415268344,
            0.027364869377618815,
            0.031207207752079594,
            0.033480406644310186,
            0.03348379377056467,
            0.031217241064047982,
            0.027381181191972512,
            0.022930594861891435,
            0.018626615881348042,
            0.014877838430908872,
            0.01181259466416679,
            0.009685461710190846
        ],
        [
            0.010997583710619211,
            0.014243875705457773,
            0.018599378359220577,
            0.02425364719689486,
            0.031212651700110994,
            0.03895312276856703,
            0.04608875515716021,
            0.05051845957510192,
            0.050522895240607754,
            0.04610189442223006,
            0.03897448405982523,
            0.031241521319600743,
            0.024289315574556835,
            0.01864206145063343,
            0.014301560012520394,
            0.01143517459240444
        ],
        [
            0.012696203377992661,
            0.016923258233835822,
            0.022908549415254727,
            0.031212651700088374,
            0.04227355426188793,
            0.05570444558983926,
            0.06919100865449693,
            0.07812309038106861,
            0.07812872172362219,
            0.06920768970892367,
            0.05573156487229259,
            0.04231020546742925,
            0.031257933459877436,
            0.02296273438320415,
            0.016996480003799032,
            0.013251934670298409
        ],
        [
            0.01427945339892646,
            0.01953727089934898,
            0.027364869377546504,
            0.03895312276850016,
            0.05570444558979932,
            0.0781211254885365,
            0.10304027179193521,
            0.12095227955013022,
            0.12095912414516606,
            0.10306054668513431,
            0.07815408733482869,
            0.05574899255220928,
            0.03900815863767237,
            0.02743072369874997,
            0.019626253474086412,
            0.014955139239321008
        ],
        [
            0.015527717537589207,
            0.02167906235573917,
            0.03120720775195059,
            0.04608875515704706,
            0.06919100865442285,
            0.10304027179191144,
            0.1447186417427449,
            0.17743461523330128,
            0.17744248067112392,
            0.144741940518192,
            0.10307814957802942,
            0.0692421990194064,
            0.04615199778123626,
            0.03128287956159025,
            0.021781302367681145,
            0.016304393818143578
        ],
        [
            0.016222493940182547,
            0.02290229508511697,
            0.03348040664415143,
            0.05051845957495859,
            0.07812309038098181,
            0.12095227955011553,
            0.17743461523332446,
            0.2246348011482076,
            0.22464325830471052,
            0.1774596667542243,
            0.12099300675605493,
            0.07817813140075729,
            0.050586458897024615,
            0.03356176846711009,
            0.023012217971093298,
            0.017057733345540265
        ],
        [
            0.01622437710987775,
            0.022904830708282923,
            0.033483793770422626,
            0.050522895240481334,
            0.07812872172356493,
            0.12095912414519225,
            0.17744248067119506,
            0.2246432583047622,
            0.22465171635855144,
            0.17746753485002617,
            0.12099985567230062,
            0.07818376858339557,
            0.0505909017780061,
            0.033565164228081736,
            0.02301476526437002,
            0.017059705016367905
        ],
        [
            0.015533295855951227,
            0.021686573362643426,
            0.03121724106396905,
            0.04610189442218954,
            0.06920768970895579,
            0.10306054668522581,
            0.14474194051829614,
            0.17745966675429534,
            0.17746753485004904,
            0.14476524716703754,
            0.10309843727146244,
            0.06925889737328857,
            0.04616515841993182,
            0.03129293845122532,
            0.021788847943660702,
            0.01631023429357629
        ],
        [
            0.014288522482496676,
            0.01954948207125752,
            0.027381181191955546,
            0.03897448405989032,
            0.055731564872427905,
            0.07815408733497074,
            0.10307814957812013,
            0.12099300675608125,
            0.12099985567228566,
            0.10309843727143918,
            0.07818706999123774,
            0.05577613995950001,
            0.03902955467741988,
            0.027447077096332435,
            0.019638520847160248,
            0.014964634528435857
        ],
        [
            0.0127084603834051,
            0.01693976174902257,
            0.02293059486189716,
            0.031241521319719624,
            0.042310205467604584,
            0.05574899255234285,
            0.069242199019437,
            0.07817813140069887,
            0.0781837685833088,
            0.06925889737321482,
            0.05577613995946082,
            0.04234689468360575,
            0.031286850041886485,
            0.022984836029474123,
            0.0170130594748183,
            0.013264767692114657
        ],
        [
            0.011012727763423429,
            0.01426426632011877,
            0.01862661588132711,
            0.024289315574640147,
            0.03125793345999677,
            0.03900815863773631,
            0.04615199778119432,
            0.05058645889689715,
            0.05059090177786186,
            0.046165158419818456,
            0.03902955467735285,
            0.03128685004186363,
            0.02432504197488051,
            0.018669368408051522,
            0.01432204447152257,
            0.0114510303202374
        ],
        [
            0.009369533185106192,
            0.011792942200386234,
            0.014877838430826818,
            0.018642061450612122,
            0.022962734383210198,
            0.02743072369873168,
            0.031282879561509956,
            0.033561768466967165,
            0.033565164227922877,
            0.03129293845109754,
            0.027447077096261218,
            0.022984836029461397,
            0.01866936840807137,
            0.014910516829322125,
            0.011837109215710398,
            0.009704437227478635
        ],
        [
