{
    "n_1qbs": 881,
    "n_2qbs": 826,
    "n_qubits": 16,
    "success_probabilities": 0.06712657632102509,
    "max_errors_f": 0.0061654030356848855,
    "max_errors_approx": 8.279509384613857e-15,
    "eval_real": [
        [
            0.006571214919272227,
            0.007432050358744045,
            0.00936026908520327,
            0.011230025523062218,
            0.012701863618284901,
            0.014128906761527367,
            0.015529131409353617,
            0.016345466631026474,
            0.016221818339046092,
            0.015416286016973993,
            0.014283033209205546,
            0.012823495846104236,
            0.011005069643123875,
            0.009174773568194773,
            0.007867861196597561,
            0.007407298509634764
        ],
        [
            0.007432050358745223,
            0.008529232832206135,
            0.01102213135809107,
            0.01354342887554885,
            0.015689157443925034,
            0.01786530674071102,
            0.01999547070698205,
            0.02125375259745672,
            0.021099509821192637,
            0.019853148564003255,
            0.018054055671289083,
            0.01583977182281959,
            0.01326664599698537,
            0.010793840512975472,
            0.009068291690650356,
            0.008465611845532857
        ],
        [
            0.009360269085205496,
            0.011022131358092024,
            0.014884375741644692,
            0.019041578093130816,
            0.022955976953014132,
            0.027146130408236324,
            0.03126053431908707,
            0.03374631256798567,
            0.03353349063357126,
            0.031068969596638435,
            0.027415957555443002,
            0.023162156083517998,
            0.01864266690883902,
            0.01456526187787328,
            0.01180283292132873,
            0.010846859180110874
        ],
        [
            0.011230025523065014,
            0.013543428875550233,
            0.019041578093131135,
            0.025337183997793722,
            0.03187843504809037,
            0.03933078740662201,
            0.04680145164800976,
            0.051454020506942366,
            0.05119653500310125,
            0.046581318623660974,
            0.03967933231933115,
            0.03212165286893857,
            0.024810720354930975,
            0.01864660957762705,
            0.014584878185495644,
            0.013185883112974162
        ],
        [
            0.012701863618287271,
            0.015689157443926145,
            0.022955976953014327,
            0.03187843504809012,
            0.042320365880569005,
            0.05539271230494463,
            0.06923052624963946,
            0.07834509842722377,
            0.07815703258205299,
            0.0691256581201457,
            0.055748479632718125,
            0.04244994964316622,
            0.03126053431908938,
            0.022628882941253935,
            0.01696757772170099,
            0.014963062438353972
        ],
        [
            0.014128906761528741,
            0.017865306740711653,
            0.027146130408236352,
            0.03933078740662176,
            0.05539271230494441,
            0.0777450111348859,
            0.10325217687862326,
            0.12130826924007145,
            0.1216280231570817,
            0.10385884190386341,
            0.0779350037881566,
            0.05487304893320929,
            0.038667846882978696,
            0.027348403514030388,
            0.019380340460844143,
            0.016274036776469828
        ],
        [
            0.015529131409354337,
            0.01999547070698254,
            0.03126053431908737,
            0.04680145164800992,
            0.06923052624963942,
            0.10325217687862313,
            0.1447246959217011,
            0.17590533165286182,
            0.17742280282035447,
            0.14700518929203607,
            0.10306538573405465,
            0.06726129198685589,
            0.046137368160431465,
            0.03265825946832457,
            0.021731823810571493,
            0.0169170621736459
        ],
        [
            0.01634546663102711,
            0.021253752597457615,
            0.03374631256798662,
            0.05145402050694314,
            0.07834509842722404,
            0.12130826924007156,
            0.1759053316528617,
            0.21849731930040278,
            0.22137947762576637,
            0.18010150468719044,
            0.12072272755621234,
            0.0747705310798481,
            0.05081343585046021,
            0.03646358922521168,
            0.023120764876445904,
            0.01671379047069107
        ],
        [
            0.01622181833904689,
            0.021099509821193598,
            0.033533490633572346,
            0.051196535003102055,
            0.07815703258205352,
            0.12162802315708172,
            0.1774228028203543,
            0.22137947762576624,
            0.2245984128931143,
            0.18209941394875784,
            0.12096673166942361,
            0.07421066964003466,
            0.05056475281014423,
            0.03655082106634474,
            0.022955976953014563,
            0.016291318537838058
        ],
        [
            0.015416286016974085,
            0.019853148564003345,
            0.03106896959663847,
            0.046581318623661,
            0.06912565812014576,
            0.10385884190386338,
            0.1470051892920359,
            0.18010150468719047,
            0.182099413948758,
            0.14997380061594906,
            0.10357035342075438,
            0.06662870559418156,
            0.04592415665310773,
            0.03288987833315753,
            0.021581886346371516,
            0.016393144128584673
        ],
        [
            0.014283033209204411,
            0.018054055671287265,
            0.027415957555441,
            0.03967933231932948,
            0.055748479632717216,
            0.07793500378815651,
            0.10306538573405508,
            0.12072272755621291,
            0.12096673166942404,
            0.10357035342075462,
            0.07815703258205384,
            0.05531934786130349,
            0.03900210516455807,
            0.02753910565761288,
            0.019586490151223393,
            0.01652754563883446
        ],
        [
            0.012823495846101832,
            0.015839771822816144,
            0.023162156083514043,
            0.03212165286893496,
            0.04244994964316405,
            0.05487304893320883,
            0.06726129198685665,
            0.07477053107984907,
            0.0742106696400354,
            0.06662870559418184,
            0.05531934786130351,
            0.042995039292389396,
            0.03149140849790259,
            0.02249792883230944,
            0.017129043022462404,
            0.015417872469198405
        ],
        [
            0.011005069643121104,
            0.013266645996981167,
            0.01864266690883398,
            0.02481072035492608,
            0.03126053431908596,
            0.03866784688297755,
            0.046137368160432006,
            0.05081343585046132,
            0.05056475281014489,
            0.045924156653107805,
            0.03900210516455791,
            0.03149140849790245,
            0.024299534373428584,
            0.018264276716181093,
            0.01428303320920491,
            0.012908077629421501
        ],
        [
            0.00917477356819255,
            0.010793840512971775,
            0.014565261877868423,
            0.018646609577621896,
            0.022628882941250095,
            0.02734840351402855,
            0.03265825946832447,
            0.036463589225212326,
            0.03655082106634516,
            0.03288987833315735,
            0.027539105657612688,
            0.022497928832309486,
            0.01826427671618147,
            0.014522800771208426,
            0.011555925149708126,
            0.010373737789752325
        ],
        [
