{
    "ds": [
        1,
        2,
        3,
        4,
        5,
        6,
        7,
        8,
        9,
        10,
        11,
        12,
        13,
        14,
        15,
        16,
        17,
        18,
        19,
        20,
        21,
        22,
        23,
        24,
        25,
        26,
        27,
        28,
        29,
        30,
        31,
        32,
        33,
        34,
        35,
        36,
        37,
        38,
        39,
        40,
        41,
        42,
        43,
        44,
        45,
        46,
        47,
        48,
        49,
        50,
        51,
        52,
        53,
        54,
        55,
        56,
        57,
        58,
        59,
        60,
        61,
        62,
        63
    ],
    "max_errors": [
        5.782215116599807,
        2.0229220162992823,
        3.0545561558441783,
        0.4442444079613871,
        0.6974598337274864,
        0.07468996358138358,
        0.10676511345268036,
        0.009396544064850576,
        0.012566637202504616,
        0.0009442325844898347,
        0.0012052989618274168,
        7.898379978943382e-05,
        9.746106132801913e-05,
        5.658713445155783e-06,
        6.805416591149083e-06,
        3.545383049363693e-07,
        4.178903481033558e-07,
        1.973670848975928e-08,
        2.2890102258088518e-08,
        9.88530257650666e-10,
        1.1313341374830088e-09,
        4.499889350029207e-11,
        5.093259147770368e-11,
        1.8781642907583773e-12,
        2.104982854689297e-12,
        7.249756350802272e-14,
        7.993605777301127e-14,
        2.886579864025407e-15,
        4.218847493575595e-15,
        1.887379141862766e-15,
        1.7763568394002505e-15,
        1.7763568394002505e-15,
        1.3322676295501878e-15,
        1.9984014443252818e-15,
        1.3322676295501878e-15,
        3.552713678800501e-15,
        2.886579864025407e-15,
        1.3322676295501878e-15,
        2.6645352591003757e-15,
        1.4726292312997404e-15,
        2.6645352591003757e-15,
        2.4424906541753444e-15,
        3.1086244689504383e-15,
        1.7763568394002505e-15,
        1.1102230246251565e-15,
        1.5543122344752192e-15,
        3.1086244689504383e-15,
        2.6645352591003757e-15,
        1.7763568394002505e-15,
        9.992007221626409e-16,
        2.6645352591003757e-15,
        2.220446049250313e-15,
        8.881784197001252e-16,
        1.5543122344752192e-15,
        3.3306690738754696e-15,
        1.7763568394002505e-15,
        1.3322676295501878e-15,
        2.886579864025407e-15,
        1.3322676295501878e-15,
        1.792106983647327e-15,
        2.6645352591003757e-15,
        1.7763568394002505e-15,
        1.3322676295501878e-15
    ],
    "series_type": "chebyshev",
    "func_name": "ricker2d",
    "func_args": {}
}