{
    "n_1qbs": 3563,
    "n_2qbs": 2982,
    "n_qubits": 20,
    "success_probabilities": 0.07539442828973314,
    "max_errors_f": 2.469361090606803e-07,
    "max_errors_approx": 1.5404344466674047e-15,
    "eval_real": [
        [
            -0.011951103781391787,
            -0.016398130353517993,
            -0.020840221435528345,
            -0.02464404789110438,
            -0.027336105531286813,
            -0.028808235391441894,
            -0.029346506260519854,
            -0.02943469885994122,
            -0.029434698859941336,
            -0.0293465062605195,
            -0.028808235391441547,
            -0.02733610553128637,
            -0.02464404789110468,
            -0.020840221435528362,
            -0.016398130353517813,
            -0.011951103781391645
        ],
        [
            -0.016398130353517733,
            -0.021609455159770526,
            -0.026061238845759338,
            -0.02880809666016371,
            -0.029376300808870912,
            -0.02809000412982664,
            -0.026025611232408978,
            -0.024530769604124647,
            -0.024530769604124595,
            -0.026025611232408846,
            -0.02809000412982641,
            -0.029376300808870638,
            -0.028808096660164005,
            -0.026061238845759185,
            -0.021609455159770304,
            -0.016398130353517584
        ],
        [
            -0.02084022143552839,
            -0.026061238845759185,
            -0.02913173380554476,
            -0.028729946423633985,
            -0.024530881197965565,
            -0.017690539583069622,
            -0.010653691670683127,
            -0.006209767594024842,
            -0.006209767594024962,
            -0.010653691670682978,
            -0.017690539583069317,
            -0.02453088119796519,
            -0.02872994642363418,
            -0.02913173380554472,
            -0.02606123884575913,
            -0.020840221435528057
        ],
        [
            -0.02464404789110446,
            -0.02880809666016362,
            -0.02872994642363397,
            -0.02267415102837077,
            -0.010653592281087382,
            0.004898069846439933,
            0.01954615809883453,
            0.0284485124785376,
            0.028448512478537587,
            0.0195461580988345,
            0.004898069846440146,
            -0.010653592281087169,
            -0.022674151028370747,
            -0.028729946423634085,
            -0.02880809666016358,
            -0.024644047891104442
        ],
        [
            -0.027336105531286486,
            -0.029376300808870683,
            -0.024530881197965204,
            -0.010653592281087025,
            0.011731675897702224,
            0.038556895396339566,
            0.06292242265376942,
            0.07747672898824924,
            0.0774767289882493,
            0.06292242265376931,
            0.03855689539633966,
            0.01173167589770212,
            -0.010653592281087438,
            -0.024530881197965485,
            -0.029376300808870905,
            -0.02733610553128677
        ],
        [
            -0.02880823539144164,
            -0.028090004129826266,
            -0.017690539583069226,
            0.0048980698464402145,
            0.03855689539633976,
            0.07747663782504427,
            0.112183154834568,
            0.13272620609584507,
            0.1327262060958452,
            0.11218315483456781,
            0.07747663782504444,
            0.038556895396339406,
            0.004898069846440082,
            -0.01769053958306961,
            -0.028090004129826675,
            -0.028808235391441887
        ],
        [
            -0.029346506260519684,
            -0.026025611232408558,
            -0.010653691670682879,
            0.019546158098834737,
            0.06292242265376959,
            0.11218315483456821,
            0.15568857968927993,
            0.1813140390488745,
            0.18131403904887486,
            0.15568857968928004,
            0.11218315483456796,
            0.06292242265376884,
            0.01954615809883494,
            -0.010653691670683155,
            -0.026025611232409165,
            -0.02934650626052029
        ],
        [
            -0.029434698859941114,
            -0.02453076960412408,
            -0.006209767594024739,
            0.028448512478537854,
            0.0774767289882494,
            0.13272620609584507,
            0.18131403904887444,
            0.20987104984581986,
            0.20987104984582017,
            0.18131403904887458,
            0.13272620609584482,
            0.07747672898824848,
            0.02844851247853805,
            -0.006209767594025094,
            -0.024530769604124803,
            -0.029434698859941953
        ],
        [
            -0.029434698859941127,
            -0.024530769604124262,
            -0.006209767594024912,
            0.02844851247853768,
            0.07747672898824937,
            0.13272620609584543,
            0.18131403904887472,
            0.20987104984582008,
            0.20987104984582056,
            0.18131403904887503,
            0.13272620609584504,
            0.07747672898824845,
            0.02844851247853802,
            -0.006209767594025172,
            -0.02453076960412517,
            -0.02943469885994193
        ],
        [
            -0.029346506260519482,
            -0.02602561123240853,
            -0.010653691670682653,
            0.01954615809883473,
            0.06292242265376942,
            0.11218315483456791,
            0.15568857968927952,
            0.18131403904887408,
            0.1813140390488745,
            0.15568857968927974,
            0.11218315483456778,
            0.06292242265376875,
            0.019546158098834854,
            -0.010653691670682993,
            -0.026025611232409075,
            -0.029346506260520176
        ],
        [
            -0.028808235391441603,
            -0.028090004129826256,
            -0.017690539583069258,
            0.004898069846440145,
            0.038556895396339816,
            0.07747663782504446,
            0.11218315483456791,
            0.13272620609584487,
            0.13272620609584526,
            0.11218315483456823,
            0.07747663782504434,
            0.03855689539633937,
            0.004898069846440461,
            -0.01769053958306929,
            -0.02809000412982658,
            -0.028808235391441946
        ],
        [
            -0.027336105531286365,
            -0.029376300808870253,
            -0.024530881197965017,
            -0.010653592281087225,
            0.01173167589770216,
            0.03855689539633931,
            0.06292242265376846,
            0.07747672898824802,
            0.0774767289882483,
            0.06292242265376881,
            0.03855689539633929,
            0.0117316758977018,
            -0.010653592281087039,
            -0.024530881197965152,
            -0.02937630080887056,
            -0.02733610553128657
        ],
        [
            -0.024644047891104554,
            -0.02880809666016372,
            -0.028729946423633985,
            -0.022674151028370525,
            -0.010653592281087414,
            0.004898069846440093,
            0.01954615809883468,
            0.028448512478537785,
            0.028448512478537743,
            0.019546158098834653,
            0.0048980698464401945,
            -0.010653592281087127,
            -0.022674151028370594,
            -0.028729946423633818,
            -0.02880809666016358,
            -0.024644047891104397
        ],
        [
            -0.020840221435528203,
            -0.026061238845759064,
            -0.029131733805544513,
            -0.02872994642363397,
            -0.024530881197965537,
            -0.01769053958306979,
            -0.010653691670683505,
            -0.006209767594025372,
            -0.006209767594025575,
            -0.010653691670683384,
            -0.017690539583069494,
            -0.024530881197965343,
