{
    "n_1qbs": 201,
    "n_2qbs": 154,
    "n_qubits": 14,
    "success_probabilities": 0.999999999999996,
    "max_errors_f": 0.2723712086774128,
    "max_errors_approx": 1.5959455978986625e-16,
    "eval_real": [
        [
            -0.06250000000000004,
            -0.06250000000000003,
            -0.06250000000000004,
            -0.06250000000000004,
            -0.06250000000000004,
            -0.06250000000000001,
            -0.062499999999999986,
            -0.06250000000000003,
            -0.06250000000000004,
            -0.06250000000000006,
            -0.06250000000000015,
            -0.06250000000000004,
            -0.06250000000000007,
            -0.06250000000000004,
            -0.06250000000000004,
            -0.06250000000000004
        ],
        [
            -0.06250000000000006,
            -0.06250000000000001,
            -0.06249999999999996,
            -0.062499999999999986,
            -0.06250000000000006,
            -0.06250000000000004,
            -0.06249999999999996,
            -0.06249999999999996,
            -0.06250000000000007,
            -0.062499999999999986,
            -0.06250000000000004,
            -0.06249999999999997,
            -0.06250000000000004,
            -0.06250000000000001,
            -0.06250000000000003,
            -0.06249999999999996
        ],
        [
            -0.06250000000000007,
            -0.06250000000000004,
            -0.06249999999999996,
            -0.062499999999999986,
            -0.06250000000000001,
            -0.06250000000000001,
            -0.062499999999999986,
            -0.06249999999999996,
            -0.06250000000000006,
            -0.06250000000000003,
            -0.06250000000000001,
            -0.062499999999999986,
            -0.06250000000000004,
            -0.06250000000000001,
            -0.06249999999999996,
            -0.062499999999999944
        ],
        [
            -0.06250000000000004,
            -0.06249999999999996,
            -0.062499999999999986,
            -0.06249999999999993,
            -0.062499999999999986,
            -0.06249999999999996,
            -0.0625,
            -0.062499999999999944,
            -0.062499999999999986,
            -0.06250000000000004,
            -0.06249999999999996,
            -0.06249999999999996,
            -0.06250000000000001,
            -0.06249999999999996,
            -0.062499999999999944,
            -0.06249999999999989
        ],
        [
            -0.06250000000000004,
            -0.06250000000000006,
            -0.0625,
            -0.06249999999999996,
            -0.06250000000000006,
            -0.06250000000000004,
            -0.06250000000000004,
            -0.06250000000000003,
            -0.06250000000000011,
            -0.06250000000000006,
            -0.06250000000000007,
            -0.0625,
            -0.06250000000000006,
            -0.06250000000000004,
            -0.0625,
            -0.06249999999999998
        ],
        [
            -0.06250000000000003,
            -0.062499999999999986,
            -0.06249999999999997,
            -0.06249999999999997,
            -0.06250000000000007,
            -0.06250000000000006,
            -0.06250000000000006,
            -0.06250000000000001,
            -0.06250000000000006,
            -0.06250000000000006,
            -0.0625,
            -0.06249999999999996,
            -0.0625,
            -0.06249999999999997,
            -0.06249999999999996,
            -0.062499999999999944
        ],
        [
            -0.06250000000000004,
            -0.06250000000000001,
            -0.06250000000000006,
            -0.062499999999999986,
            -0.06250000000000007,
            -0.06250000000000003,
            -0.06250000000000004,
            -0.0625,
            -0.0625,
            -0.06250000000000001,
            -0.062499999999999965,
            -0.06249999999999998,
            -0.06250000000000006,
            -0.06250000000000001,
            -0.062499999999999965,
            -0.06249999999999996
        ],
        [
            -0.06250000000000006,
            -0.06250000000000004,
            -0.06249999999999998,
            -0.06249999999999996,
            -0.06250000000000001,
            -0.0625,
            -0.0625,
            -0.06249999999999996,
            -0.06250000000000006,
            -0.062499999999999944,
            -0.06249999999999998,
            -0.06249999999999994,
            -0.06249999999999997,
            -0.062499999999999965,
            -0.062499999999999944,
            -0.06249999999999992
        ],
        [
            -0.06250000000000006,
            -0.06250000000000004,
            -0.06250000000000008,
            -0.06250000000000006,
            -0.06250000000000006,
            -0.06250000000000004,
            -0.06250000000000004,
            -0.06250000000000004,
            -0.06250000000000004,
            -0.0625,
            -0.06250000000000004,
            -0.062499999999999944,
            -0.06250000000000004,
            -0.06250000000000006,
            -0.06250000000000011,
            -0.06250000000000004
        ],
        [
            -0.06250000000000001,
            -0.06250000000000004,
            -0.06250000000000004,
            -0.0625,
            -0.06250000000000004,
            -0.06250000000000001,
            -0.0625,
            -0.0625,
            -0.06249999999999998,
            -0.0625,
            -0.062499999999999944,
            -0.062499999999999965,
            -0.06250000000000004,
            -0.06250000000000001,
            -0.06250000000000004,
            -0.062499999999999965
        ],
        [
            -0.06250000000000004,
            -0.06250000000000004,
            -0.06250000000000001,
            -0.06249999999999996,
            -0.06250000000000004,
            -0.06250000000000004,
            -0.062499999999999986,
            -0.062499999999999944,
            -0.06250000000000001,
            -0.06250000000000001,
            -0.06250000000000001,
            -0.06249999999999998,
            -0.06250000000000006,
            -0.06250000000000001,
            -0.06250000000000001,
            -0.06249999999999996
        ],
        [
            -0.06249999999999997,
            -0.06250000000000001,
            -0.062499999999999986,
            -0.062499999999999944,
            -0.06250000000000006,
            -0.062499999999999965,
            -0.062499999999999965,
            -0.062499999999999944,
            -0.06249999999999998,
            -0.06250000000000001,
            -0.062499999999999944,
            -0.062499999999999944,
            -0.0625,
            -0.062499999999999986,
            -0.062499999999999986,
            -0.062499999999999944
        ],
        [
            -0.06250000000000006,
            -0.06250000000000006,
            -0.06250000000000006,
            -0.06250000000000003,
            -0.06250000000000007,
            -0.06250000000000001,
            -0.06250000000000003,
            -0.06249999999999996,
            -0.06250000000000008,
            -0.06250000000000006,
            -0.06250000000000006,
            -0.0625,
            -0.0625000000000001,
            -0.06250000000000001,
            -0.062499999999999986,
            -0.062499999999999986
        ],
        [
            -0.06250000000000004,
            -0.06250000000000004,
            -0.06250000000000001,
            -0.0625,
            -0.06250000000000004,
            -0.06250000000000006,
            -0.06249999999999997,
            -0.06249999999999996,
            -0.06250000000000006,
            -0.0625,
            -0.06249999999999997,
            -0.06250000000000006,
            -0.062499999999999986,
            -0.06250000000000001,
            -0.06249999999999998,
            -0.062499999999999965
        ],
        [
            -0.06250000000000006,
            -0.06250000000000001,
