{
    "n_1qbs": 611,
    "n_2qbs": 486,
    "n_qubits": 16,
    "success_probabilities": 0.15984248936342765,
    "max_errors_f": 0.07578457576701561,
    "max_errors_approx": 5.030698080332741e-16,
    "eval_real": [
        [
            -0.012976657869074839,
            -0.030113475296575477,
            -0.04480217594871901,
            -0.05704275982550519,
            -0.06683522692693418,
            -0.07417957725300593,
            -0.07907581080372035,
            -0.08152392757907759,
            -0.08152392757907759,
            -0.07907581080372032,
            -0.07417957725300582,
            -0.06683522692693407,
            -0.057042759825505246,
            -0.04480217594871897,
            -0.03011347529657544,
            -0.012976657869074593
        ],
        [
            -0.030113475296575553,
            -0.029490428336608837,
            -0.028956388085208846,
            -0.0285113545423755,
            -0.028155327708108985,
            -0.027888307582408928,
            -0.027710294165275602,
            -0.027621287456708932,
            -0.0276212874567089,
            -0.027710294165275578,
            -0.027888307582408914,
            -0.028155327708108916,
            -0.028511354542375553,
            -0.028956388085208822,
            -0.02949042833660882,
            -0.030113475296575473
        ],
        [
            -0.04480217594871914,
            -0.02895638808520894,
            -0.015374284202200154,
            -0.004055864299692858,
            0.004998871622312771,
            0.011789923563817152,
            0.01631729152482013,
            0.0185809755053216,
            0.01858097550532157,
            0.01631729152482013,
            0.011789923563817164,
            0.004998871622312815,
            -0.004055864299692921,
            -0.015374284202200135,
            -0.028956388085208895,
            -0.044802175948719145
        ],
        [
            -0.057042759825505336,
            -0.028511354542375605,
            -0.004055864299692928,
            0.01632371090254263,
            0.03262737106433084,
            0.044855116185672186,
            0.053006946266566435,
            0.057082861307013615,
            0.05708286130701351,
            0.0530069462665664,
            0.04485511618567218,
            0.03262737106433083,
            0.016323710902542636,
            -0.004055864299692889,
            -0.02851135454237559,
            -0.05704275982550544
        ],
        [
            -0.06683522692693432,
            -0.028155327708109055,
            0.004998871622312777,
            0.032627371064330814,
            0.054730170617944926,
            0.07130727028315581,
            0.0823586700599631,
            0.08788436994836682,
            0.08788436994836672,
            0.0823586700599632,
            0.07130727028315582,
            0.054730170617944954,
            0.032627371064330814,
            0.004998871622312781,
            -0.028155327708109013,
            -0.06683522692693451
        ],
        [
            -0.07417957725300606,
            -0.02788830758240908,
            0.011789923563817088,
            0.04485511618567218,
            0.07130727028315581,
            0.09114638585626889,
            0.10437246290501091,
            0.11098550142938202,
            0.11098550142938192,
            0.10437246290501102,
            0.0911463858562689,
            0.07130727028315578,
            0.044855116185672145,
            0.011789923563817119,
            -0.02788830758240907,
            -0.07417957725300629
        ],
        [
            -0.07907581080372057,
            -0.027710294165275783,
            0.016317291524820025,
            0.053006946266566386,
            0.08235867005996303,
            0.10437246290501091,
            0.11904832480170954,
            0.1263862557500589,
            0.12638625575005882,
            0.11904832480170965,
            0.104372462905011,
            0.08235867005996307,
            0.053006946266566435,
            0.016317291524820064,
            -0.027710294165275765,
            -0.07907581080372084
        ],
        [
            -0.08152392757907789,
            -0.02762128745670908,
            0.01858097550532148,
            0.05708286130701356,
            0.08788436994836671,
            0.110985501429382,
            0.1263862557500589,
            0.13408663291039738,
            0.13408663291039727,
            0.12638625575005896,
            0.11098550142938206,
            0.08788436994836667,
            0.057082861307013594,
            0.01858097550532157,
            -0.027621287456709095,
            -0.08152392757907814
        ],
        [
            -0.08152392757907792,
            -0.027621287456709134,
            0.018580975505321454,
            0.05708286130701348,
            0.08788436994836671,
            0.11098550142938193,
            0.12638625575005888,
            0.13408663291039732,
            0.13408663291039719,
            0.12638625575005888,
            0.11098550142938195,
            0.08788436994836668,
            0.0570828613070135,
            0.018580975505321496,
            -0.027621287456709116,
            -0.08152392757907809
        ],
        [
            -0.0790758108037206,
            -0.027710294165275793,
            0.016317291524820074,
            0.05300694626656641,
            0.08235867005996314,
            0.10437246290501098,
            0.1190483248017096,
            0.126386255750059,
            0.1263862557500589,
            0.11904832480170965,
            0.10437246290501104,
            0.08235867005996317,
            0.05300694626656646,
            0.01631729152482008,
            -0.027710294165275713,
            -0.07907581080372088
        ],
        [
            -0.07417957725300606,
            -0.027888307582409035,
            0.011789923563817133,
            0.04485511618567215,
            0.07130727028315581,
            0.09114638585626889,
            0.10437246290501104,
            0.11098550142938209,
            0.11098550142938192,
            0.10437246290501107,
            0.09114638585626891,
            0.0713072702831559,
            0.04485511618567225,
            0.011789923563817183,
            -0.02788830758240903,
            -0.07417957725300628
        ],
        [
            -0.06683522692693424,
            -0.02815532770810904,
            0.004998871622312786,
            0.032627371064330814,
            0.05473017061794497,
            0.07130727028315587,
            0.08235867005996315,
            0.08788436994836679,
            0.08788436994836667,
            0.08235867005996315,
            0.07130727028315588,
            0.054730170617945,
            0.032627371064330876,
            0.004998871622312784,
            -0.02815532770810902,
            -0.06683522692693451
        ],
        [
            -0.057042759825505426,
            -0.02851135454237569,
            -0.004055864299692949,
            0.016323710902542615,
            0.03262737106433084,
            0.04485511618567221,
            0.053006946266566476,
            0.057082861307013615,
            0.05708286130701358,
            0.053006946266566504,
            0.04485511618567225,
            0.03262737106433087,
            0.016323710902542667,
            -0.004055864299692885,
            -0.02851135454237566,
            -0.05704275982550553
        ],
        [
            -0.0448021759487191,
            -0.028956388085208944,
            -0.015374284202200137,
            -0.004055864299692852,
            0.0049988716223127875,
            0.011789923563817192,
            0.01631729152482018,
            0.018580975505321687,
            0.018580975505321593,
            0.016317291524820192,
            0.011789923563817216,
            0.00499887162231289,
            -0.00405586429969286,
            -0.015374284202200111,
