{
    "n_1qbs": 1498,
    "n_2qbs": 1222,
    "n_qubits": 18,
    "success_probabilities": 0.07854280552692615,
    "max_errors_f": 0.00391973277890012,
    "max_errors_approx": 1.0755285551056204e-15,
    "eval_real": [
        [
            -0.012128037156904381,
            -0.01653417579449868,
            -0.02128762673600061,
            -0.025244667531196485,
            -0.028029620995198876,
            -0.029719896195561337,
            -0.030594021241968944,
            -0.030942667878507055,
            -0.030942667878507062,
            -0.03059402124196892,
            -0.029719896195561302,
            -0.028029620995198738,
            -0.025244667531196457,
            -0.021287626736000573,
            -0.016534175794498552,
            -0.012128037156904307
        ],
        [
            -0.0165341757944986,
            -0.02138417821087806,
            -0.026091101229382387,
            -0.0285997570884242,
            -0.028698692676396534,
            -0.0272013513372814,
            -0.025291002315138915,
            -0.024029437837472307,
            -0.024029437837472332,
            -0.025291002315138898,
            -0.027201351337281333,
            -0.028698692676396426,
            -0.028599757088424237,
            -0.02609110122938232,
            -0.02138417821087798,
            -0.016534175794498434
        ],
        [
            -0.021287626736000445,
            -0.026091101229382314,
            -0.029942447102612277,
            -0.029577940752778135,
            -0.02509985832535709,
            -0.018437177997176687,
            -0.012114141802784483,
            -0.008326677004225347,
            -0.008326677004225477,
            -0.012114141802784481,
            -0.01843717799717652,
            -0.025099858325356963,
            -0.029577940752778163,
            -0.02994244710261225,
            -0.02609110122938225,
            -0.021287626736000275
        ],
        [
            -0.02524466753119624,
            -0.02859975708842423,
            -0.029577940752778076,
            -0.02330513802080823,
            -0.010511197886629842,
            0.005083691747345353,
            0.018859876541820995,
            0.026866390074177064,
            0.026866390074177127,
            0.018859876541821148,
            0.005083691747345448,
            -0.010511197886629832,
            -0.023305138020808237,
            -0.029577940752778083,
            -0.028599757088424212,
            -0.025244667531196106
        ],
        [
            -0.028029620995198765,
            -0.028698692676396614,
            -0.025099858325357247,
            -0.0105111978866299,
            0.013462548499979313,
            0.04082071150996263,
            0.06431127744255094,
            0.07778932682704705,
            0.07778932682704699,
            0.06431127744255102,
            0.040820711509962686,
            0.013462548499979228,
            -0.01051119788662983,
            -0.025099858325357327,
            -0.028698692676396676,
            -0.02802962099519885
        ],
        [
            -0.02971989619556125,
            -0.027201351337281566,
            -0.018437177997176882,
            0.005083691747345224,
            0.040820711509962526,
            0.08043614040733964,
            0.11399857890864448,
            0.13313562072268864,
            0.13313562072268872,
            0.11399857890864452,
            0.08043614040733979,
            0.04082071150996233,
            0.005083691747345409,
            -0.018437177997176965,
            -0.02720135133728172,
            -0.029719896195561448
        ],
        [
            -0.03059402124196895,
            -0.025291002315139133,
            -0.012114141802784868,
            0.01885987654182072,
            0.06431127744255079,
            0.11399857890864437,
            0.15581570008127704,
            0.17958479211849304,
            0.179584792118493,
            0.1558157000812771,
            0.11399857890864445,
            0.06431127744255054,
            0.018859876541820957,
            -0.012114141802785115,
            -0.025291002315139362,
            -0.030594021241969305
        ],
        [
            -0.03094266787850708,
            -0.02402943783747254,
            -0.008326677004225772,
            0.026866390074176898,
            0.07778932682704694,
            0.13313562072268856,
            0.17958479211849296,
            0.2059514758985129,
            0.205951475898513,
            0.17958479211849315,
            0.1331356207226887,
            0.07778932682704653,
            0.026866390074177078,
            -0.008326677004226088,
            -0.02402943783747296,
            -0.030942667878507687
        ],
        [
            -0.030942667878507062,
            -0.024029437837472637,
            -0.008326677004225848,
            0.026866390074176776,
            0.07778932682704681,
            0.13313562072268847,
            0.17958479211849282,
            0.20595147589851273,
            0.20595147589851268,
            0.1795847921184929,
            0.13313562072268856,
            0.07778932682704652,
            0.026866390074176953,
            -0.008326677004226148,
            -0.02402943783747292,
            -0.030942667878507645
        ],
        [
            -0.030594021241968833,
            -0.02529100231513908,
            -0.012114141802784724,
            0.018859876541820815,
            0.06431127744255079,
            0.11399857890864437,
            0.15581570008127696,
            0.1795847921184929,
            0.17958479211849304,
            0.15581570008127713,
            0.11399857890864445,
            0.06431127744255052,
            0.018859876541821027,
            -0.012114141802785005,
            -0.025291002315139373,
            -0.030594021241969235
        ],
        [
            -0.02971989619556113,
            -0.027201351337281507,
            -0.01843717799717682,
            0.005083691747345289,
            0.040820711509962665,
            0.08043614040733978,
            0.1139985789086445,
            0.13313562072268867,
            0.13313562072268872,
            0.11399857890864472,
            0.08043614040733989,
            0.04082071150996244,
            0.005083691747345495,
            -0.01843717799717692,
            -0.02720135133728165,
            -0.0297198961955614
        ],
        [
            -0.02802962099519856,
            -0.028698692676396402,
            -0.025099858325356984,
            -0.01051119788662982,
            0.01346254849997928,
            0.040820711509962464,
            0.06431127744255068,
            0.07778932682704671,
            0.07778932682704676,
            0.06431127744255091,
            0.04082071150996258,
            0.013462548499979249,
            -0.010511197886629716,
            -0.02509985832535714,
            -0.02869869267639652,
            -0.02802962099519869
        ],
        [
            -0.025244667531196217,
            -0.028599757088424205,
            -0.029577940752778104,
            -0.023305138020808254,
            -0.010511197886629717,
            0.005083691747345561,
            0.018859876541821214,
            0.02686639007417737,
            0.026866390074177307,
            0.01885987654182135,
            0.005083691747345679,
            -0.010511197886629605,
            -0.023305138020808178,
            -0.02957794075277812,
            -0.028599757088424244,
            -0.025244667531196245
        ],
        [
            -0.02128762673600042,
            -0.026091101229382227,
            -0.029942447102612135,
            -0.029577940752778076,
            -0.025099858325357185,
            -0.018437177997176816,
            -0.012114141802784775,
            -0.008326677004225633,
            -0.00832667700422574,
            -0.012114141802784688,
            -0.01843717799717666,
            -0.025099858325357056,
